epoch,global_step,model,loss,lr,seconds,peak_memory_gib
1,1251,b16,0.2914153540448891,3.9968025579536374e-05,1004.8164865411818,26.453115940093994
2,2502,b16,0.1092042625665093,7.996802557953638e-05,882.3788271714002,26.453115940093994
3,3753,b16,0.09474817606852018,0.00011996802557953639,887.8313911706209,26.453115940093994
4,5004,b16,0.0866081853755277,0.0001599680255795364,883.4603870632127,26.453115940093994
5,6255,b16,0.0814120432169889,0.0001999680255795364,872.7113938219845,26.453115940093994
6,7506,b16,0.07784006559400916,0.0002,878.9703584462404,26.453115940093994
7,8757,b16,0.07532907389908386,0.0002,882.3207755172625,26.453115940093994
8,10008,b16,0.0737121667412164,0.0002,878.1380204791203,26.453115940093994
9,11259,b16,0.07262174879237235,0.0002,876.7474094871432,26.453115940093994
10,12510,b16,0.07169385341336305,0.0002,877.9030285207555,26.453115940093994
11,13761,b16,0.07102375960559677,0.0002,879.0240243962035,26.453115940093994
12,15012,b16,0.07053328894501586,0.0002,881.5066363783553,26.453115940093994
13,16263,b16,0.0700819410389657,0.0002,882.2141336016357,26.453115940093994
14,17514,b16,0.069745662210466,0.0002,876.4463254408911,26.453115940093994
15,18765,b16,0.06940405927211356,0.0002,876.2262691808864,26.453115940093994
16,20016,b16,0.0690829416544889,0.0002,881.0766604207456,26.453115940093994
17,21267,b16,0.0688802778577919,0.0002,879.1455891737714,26.453115940093994
18,22518,b16,0.0686209211341864,0.0002,877.0449260231107,26.453115940093994
19,23769,b16,0.06847360246568371,0.0002,878.6375129073858,26.453115940093994
20,25020,b16,0.06831279361276604,0.0002,880.2987024812028,26.453115940093994
21,26271,b16,0.06814782548960831,0.0002,878.3928175093606,26.453115940093994
22,27522,b16,0.06801734515707747,0.0002,876.6582239381969,26.453115940093994
23,28773,b16,0.06792463978036321,0.0002,877.0358819207177,26.453115940093994
24,30024,b16,0.06777741869004796,0.0002,877.1067366329953,26.453115940093994
25,31275,b16,0.06768419492921288,0.0002,878.1506010368466,26.453115940093994
26,32526,b16,0.06759765527421813,0.0002,876.7641007043421,26.453115940093994
27,33777,b16,0.06748848967700839,0.0002,874.0602698335424,26.453115940093994
28,35028,b16,0.0674374074958783,0.0002,877.4936931040138,26.453115940093994
29,36279,b16,0.06735766172218476,0.0002,870.6709733260795,26.453115940093994
30,37530,b16,0.06727244547135729,0.0002,874.0308778155595,26.453115940093994
31,38781,b16,0.06718775370328738,0.0002,874.1108768070117,26.453115940093994
32,40032,b16,0.06712382779323416,0.0002,875.6763997320086,26.453115940093994
33,41283,b16,0.0670670250908648,0.0002,872.5778717622161,26.453115940093994
34,42534,b16,0.06703215918476156,0.0002,872.539226481691,26.453115940093994
35,43785,b16,0.06698708416079636,0.0002,876.0612524189055,26.453115940093994
36,45036,b16,0.06696100639020033,0.0002,876.6955164959654,26.453115940093994
37,46287,b16,0.06690903990674647,0.0002,877.3624832183123,26.453115940093994
38,47538,b16,0.06683370954603504,0.0002,877.0029830150306,26.453115940093994
39,48789,b16,0.06677721787413819,0.0002,876.4103358192369,26.453115940093994
40,50040,b16,0.06678873819889401,0.0002,877.792357198894,26.453115940093994
41,51291,b16,0.06671970163127311,0.0002,923.5222466811538,26.463037490844727
42,52542,b16,0.06663459515590653,0.0002,810.9868504358456,26.463037490844727
43,53793,b16,0.06664221845180106,0.0002,783.0081469919533,26.463037490844727
44,55044,b16,0.06659619813914494,0.0002,775.8808923931792,26.463037490844727
45,56295,b16,0.0665876722450165,0.0002,773.5941229807213,26.463037490844727
46,57546,b16,0.06653689499572217,0.0002,772.0961016761139,26.463037490844727
47,58797,b16,0.06647022469914693,0.0002,776.8746670046821,26.463037490844727
48,60048,b16,0.06647035886915467,0.0002,774.295678650029,26.463037490844727
49,61299,b16,0.06643474283073542,0.0002,775.1244258992374,26.463037490844727
50,62550,b16,0.06644451284675384,0.0002,774.8854460064322,26.463037490844727
51,63801,b16,0.06635885139544614,0.0002,774.6470059687272,26.463037490844727
52,65052,b16,0.0663502889094974,0.0002,776.4168094312772,26.463037490844727
53,66303,b16,0.0663414275903496,0.0002,773.4376457734033,26.463037490844727
54,67554,b16,0.06631256274277453,0.0002,776.044508529827,26.463037490844727
55,68805,b16,0.0662736046514351,0.0002,775.5867265816778,26.463037490844727
56,70056,b16,0.06624959431868567,0.0002,781.3366855336353,26.463037490844727
57,71307,b16,0.06621907064192396,0.0002,776.3529782453552,26.463037490844727
58,72558,b16,0.0661936027349995,0.0002,774.352348908782,26.463037490844727
59,73809,b16,0.06622059530110287,0.0002,778.8443880528212,26.463037490844727
60,75060,b16,0.06617949048963954,0.0002,775.8850506870076,26.463037490844727
61,76311,b16,0.06614378907030626,0.0002,783.6549559049308,26.463037490844727
62,77562,b16,0.06615896247845474,0.0002,774.8509531700984,26.463037490844727
63,78813,b16,0.06610773393004346,0.0002,782.6487751817331,26.463037490844727
64,80064,b16,0.06608649847699966,0.0002,782.5997654292732,26.463037490844727
65,81315,b16,0.06602738439131507,0.0002,779.4320101533085,26.463037490844727
66,82566,b16,0.06603258652843351,0.0002,773.3758498448879,26.463037490844727
67,83817,b16,0.06603080572651254,0.0002,768.461926754564,26.463037490844727
68,85068,b16,0.06605579793977318,0.0002,756.2451102659106,26.463037490844727
69,86319,b16,0.06600255684124576,0.0002,763.91451505851,26.463037490844727
70,87570,b16,0.06596834348927108,0.0002,726.3807967370376,26.463037490844727
71,88821,b16,0.0659562133008437,0.0002,736.9017559923232,26.463037490844727
72,90072,b16,0.06595248703381046,0.0002,741.1351118432358,26.463037490844727
73,91323,b16,0.06593044046208346,0.0002,735.9646202549338,26.463037490844727
74,92574,b16,0.06588531664902453,0.0002,736.9987985352054,26.463037490844727
75,93825,b16,0.06588908560651478,0.0002,762.0547882374376,26.463037490844727
76,95076,b16,0.06588548741085257,0.0002,755.5720152780414,26.463037490844727
77,96327,b16,0.06584695622408324,0.0002,736.920406027697,26.463037490844727
78,97578,b16,0.06585920228660821,0.0002,743.8339302251115,26.463037490844727
79,98829,b16,0.06583451500518335,0.0002,737.8193003581837,26.463037490844727
80,100080,b16,0.06580821158502885,0.0002,733.8970045857131,26.463037490844727
81,101331,b16,0.06583340505330111,0.0002,748.5421135621145,26.466395378112793
82,102582,b16,0.06577918207426246,0.0002,759.2148506268859,26.466395378112793
83,103833,b16,0.06575413497327139,0.0002,737.8822959112003,26.466395378112793
84,105084,b16,0.06578723837336381,0.0002,735.3146114163101,26.466395378112793
85,106335,b16,0.06573621717860087,0.0002,733.7741977479309,26.466395378112793
86,107586,b16,0.06575537299652466,0.0002,734.0807013167068,26.466395378112793
87,108837,b16,0.06572353811286907,0.0002,733.915981891565,26.466395378112793
88,110088,b16,0.06572908177364359,0.0002,731.4403771264479,26.466395378112793
89,111339,b16,0.06570974909525505,0.0002,759.2799054626375,26.466395378112793
90,112590,b16,0.0657122678322186,0.0002,755.05365404021,26.466395378112793
91,113841,b16,0.06569334986112672,0.0002,742.3698726482689,26.466395378112793
92,115092,b16,0.06568493984109587,0.0002,737.7627827646211,26.466395378112793
93,116343,b16,0.06565405634476794,0.0002,758.1179205123335,26.466395378112793
94,117594,b16,0.06565575176577489,0.0002,745.1331292232499,26.466395378112793
95,118845,b16,0.0656158361884711,0.0002,744.7138159479946,26.466395378112793
96,120096,b16,0.06563032654930744,0.0002,1357.1591616133228,26.463037490844727
97,121347,b16,0.06561003638495454,0.0002,1333.6858026375994,26.463037490844727
98,122598,b16,0.06560581612834732,0.0002,1333.4509897008538,26.463037490844727
99,123849,b16,0.06558901438419577,0.0002,1334.6730415942147,26.463037490844727
100,125100,b16,0.06557569496160884,0.0002,1333.3072693338618,26.463037490844727
101,126351,b16,0.06559317365443583,0.0002,1334.3797720428556,26.463037490844727
102,127602,b16,0.06558828864642662,0.0002,1332.6265747789294,26.463037490844727
103,128853,b16,0.06551589782861211,0.0002,1331.777907686308,26.463037490844727
104,130104,b16,0.06553924340995954,0.0002,1332.1268399730325,26.463037490844727
105,131355,b16,0.065537432114855,0.0002,1332.7112238416448,26.463037490844727
106,132606,b16,0.0654988033498982,0.0002,1332.6242932165042,26.463037490844727
107,133857,b16,0.06553007106033923,0.0002,1332.6455405345187,26.463037490844727
108,135108,b16,0.06552879644526566,0.0002,1332.9311203621328,26.463037490844727
109,136359,b16,0.06549589430018485,0.0002,1332.1183949895203,26.463037490844727
110,137610,b16,0.0655082074477137,0.0002,1334.0971374800429,26.463037490844727
111,138861,b16,0.06543900621690148,0.0002,1335.4868558179587,26.463037490844727
112,140112,b16,0.06547564682628897,0.0002,1366.9679727284238,26.463037490844727
113,141363,b16,0.06546960307730378,0.0002,1366.5237711127847,26.463037490844727
114,142614,b16,0.06540847034286633,0.0002,1368.8564123837277,26.463037490844727
115,143865,b16,0.06547475032669177,0.0002,1369.7967646196485,26.463037490844727
116,145116,b16,0.06543311493383418,0.0002,1333.3199035022408,26.463037490844727
117,146367,b16,0.06540593330999263,0.0002,1333.0708006303757,26.463037490844727
118,147618,b16,0.06543631671810989,0.0002,1332.6018474865705,26.463037490844727
119,148869,b16,0.0654086533019678,0.0002,1332.389364731498,26.463037490844727
120,150120,b16,0.06541420916001574,0.0002,1334.9912020266056,26.463037490844727
121,151371,b16,0.06542103963313724,0.0002,1333.480176829733,26.466395378112793
122,152622,b16,0.06537261035897844,0.0002,1333.2008345797658,26.466395378112793
123,153873,b16,0.06538931452494255,0.0002,1334.4967802185565,26.466395378112793
124,155124,b16,0.06538822896760717,0.0002,1336.2399261919782,26.466395378112793
125,156375,b16,0.06537417770861435,0.0002,1334.6983841247857,26.466395378112793
126,157626,b16,0.06537071368295988,0.0002,1362.5554327573627,26.4606671333313
127,158877,b16,0.06538798502213854,0.0002,1334.517193607986,26.4606671333313
128,160128,b16,0.06534291609681005,0.0002,1334.2341804830357,26.4606671333313
129,161379,b16,0.06532281499019535,0.0002,1334.1296312380582,26.4606671333313
130,162630,b16,0.065289431052814,0.0002,1333.2260781330988,26.4606671333313
131,163881,b16,0.06533824454108589,0.0002,1333.1472260439768,26.4606671333313
132,165132,b16,0.06529740806963803,0.0002,1332.5602896334603,26.4606671333313
133,166383,b16,0.06534775841436226,0.0002,1333.2483500661328,26.4606671333313
134,167634,b16,0.06531164228773231,0.0002,1332.5372222606093,26.4606671333313
135,168885,b16,0.06533256061166692,0.0002,1334.0992932002991,26.4606671333313
136,170136,b16,0.0653160089116207,0.0002,1332.0980332335457,26.4606671333313
137,171387,b16,0.0653051228450833,0.0002,1331.5065274834633,26.4606671333313
138,172638,b16,0.06526974465349596,0.0002,1333.6235853172839,26.4606671333313
139,173889,b16,0.06527838032308528,0.0002,1332.9268366266042,26.4606671333313
140,175140,b16,0.06524780785722985,0.0002,1343.4689688850194,26.4606671333313
141,176391,b16,0.06527986839044389,0.0002,1338.7589913755655,26.4606671333313
142,177642,b16,0.06522459034725345,0.0002,1342.4195459969342,26.4606671333313
143,178893,b16,0.06524682597671863,0.0002,1342.0967287328094,26.4606671333313
144,180144,b16,0.06524395961746228,0.0002,1343.7872381182387,26.4606671333313
145,181395,b16,0.06520805694311738,0.0002,1342.8205685466528,26.4606671333313
146,182646,b16,0.06524082491819044,0.0002,1342.8353074928746,26.4606671333313
147,183897,b16,0.06521939430877173,0.0002,1339.619702031836,26.4606671333313
148,185148,b16,0.06522721276104117,0.0002,1335.2563141966239,26.4606671333313
149,186399,b16,0.06523870259261341,0.0002,1337.1540944576263,26.4606671333313
150,187650,b16,0.06524402060382943,0.0002,1335.8942486010492,26.4606671333313
151,188901,b16,0.06518244876754846,0.0002,1338.2081500869244,26.4606671333313
152,190152,b16,0.06521053908826065,0.0002,1335.2927457224578,26.4606671333313
153,191403,b16,0.06518308302576689,0.0002,1337.777858665213,26.4606671333313
154,192654,b16,0.0652088497658904,0.0002,1338.4874156629667,26.4606671333313
155,193905,b16,0.06517558780124338,0.0002,1341.7439104281366,26.4606671333313
156,195156,b16,0.06513782504270021,0.0002,425.95162944868207,26.463037490844727
157,196407,b16,0.06518005810195593,0.0002,357.2754487032071,26.463037490844727
158,197658,b16,0.06513069573637964,0.0002,356.3594027943909,26.463037490844727
159,198909,b16,0.06514003884782799,0.0002,351.90876909531653,26.463037490844727
160,200160,b16,0.06516987337864084,0.0002,359.4762940974906,26.463037490844727
161,201411,b16,0.06512843924079487,0.0002,352.92191173601896,26.466395378112793
162,202662,b16,0.06514880258878834,0.0002,357.46065022889525,26.466395378112793
163,203913,b16,0.06516319537143722,0.0002,352.56203350797296,26.466395378112793
164,205164,b16,0.06512251136590727,0.0002,366.34830042067915,26.466395378112793
165,206415,b16,0.0651423441325065,0.0002,352.0341560654342,26.466395378112793
166,207666,b16,0.06514231973795963,0.0002,351.8477137628943,26.466395378112793
167,208917,b16,0.0651096432424373,0.0002,351.47713157813996,26.466395378112793
168,210168,b16,0.06514532026722372,0.0002,352.45372669491917,26.466395378112793
169,211419,b16,0.06509427467791391,0.0002,352.56010949146,26.466395378112793
170,212670,b16,0.06509628722803007,0.0002,351.12894421909004,26.466395378112793
171,213921,b16,0.06507846701154701,0.0002,348.76068111974746,26.466395378112793
172,215172,b16,0.06514622286545764,0.0002,354.6553832385689,26.466395378112793
173,216423,b16,0.06508132117352992,0.0002,351.0029889503494,26.466395378112793
174,217674,b16,0.06509911089682942,0.0002,353.8711982546374,26.466395378112793
175,218925,b16,0.06509224993052433,0.0002,350.5567963318899,26.466395378112793
176,220176,b16,0.06507821086880496,0.0002,350.1937651243061,26.466395378112793
177,221427,b16,0.06507524693136116,0.0002,354.06498472206295,26.466395378112793
178,222678,b16,0.06508640133791405,0.0002,348.61046489235014,26.466395378112793
179,223929,b16,0.06507863777337505,0.0002,345.25961384084076,26.466395378112793
180,225180,b16,0.06506762973410334,0.0002,347.8532048109919,26.466395378112793
181,226431,b16,0.0650555178415861,0.0002,348.2581442380324,26.466395378112793
182,227682,b16,0.06504061277345312,0.0002,348.07708321046084,26.466395378112793
183,228933,b16,0.06508335811819295,0.0002,347.90069250017405,26.466395378112793
184,230184,b16,0.06504709562428182,0.0002,347.31230254564434,26.466395378112793
185,231435,b16,0.06503231252888314,0.0002,1043.7154672024772,26.463037490844727
186,232686,b16,0.06505104754087356,0.0002,904.7628092402592,26.463037490844727
187,233937,b16,0.06508077839486223,0.0002,900.9508227109909,26.463037490844727
188,235188,b16,0.06497970568857414,0.0002,906.1353219542652,26.463037490844727
189,236439,b16,0.06501741965802359,0.0002,901.8086902284995,26.463037490844727
190,237690,b16,0.06500597861554507,0.0002,902.9158498784527,26.463037490844727
191,238941,b16,0.0650194566026866,0.0002,906.7235069563612,26.463037490844727
192,240192,b16,0.06501174182724133,0.0002,903.3608042644337,26.463037490844727
193,241443,b16,0.06500096553616481,0.0002,903.1803881954402,26.463037490844727
194,242694,b16,0.06500334400448392,0.0002,905.1886267056689,26.463037490844727
195,243945,b16,0.06498074855545251,0.0002,901.5669942460954,26.463037490844727
196,245196,b16,0.06498606046803182,0.0002,902.4092975249514,26.463037490844727
197,246447,b16,0.06501696835890662,0.0002,906.8367927838117,26.463037490844727
198,247698,b16,0.06500727152652877,0.0002,903.8705908199772,26.463037490844727
199,248949,b16,0.0649654836677533,0.0002,908.1639737021178,26.463037490844727
200,250200,b16,0.06499671478637403,0.0002,909.48238863796,26.463037490844727
1,1251,l16,0.2690645823185202,3.9968025579536374e-05,897.6459082020447,43.55503606796265
2,2502,l16,0.10579727136259742,7.996802557953638e-05,849.0038488181308,43.55503606796265
3,3753,l16,0.08982902789096847,0.00011996802557953639,849.1051814230159,43.55503606796265
4,5004,l16,0.08202870076985287,0.0001599680255795364,850.0126112820581,43.55503606796265
5,6255,l16,0.07749521818092402,0.0001999680255795364,850.2757876487449,43.55503606796265
6,7506,l16,0.07445821297063912,0.0002,849.9547644034028,43.55503606796265
7,8757,l16,0.07239402569741082,0.0002,850.5309505313635,43.55503606796265
8,10008,l16,0.07104783092471335,0.0002,850.1780339656398,43.55503606796265
9,11259,l16,0.07016679137159022,0.0002,850.3261590180919,43.55503606796265
10,12510,l16,0.06950966936411808,0.0002,849.2488165330142,43.55503606796265
11,13761,l16,0.0689563400549092,0.0002,846.7608678806573,43.55503606796265
12,15012,l16,0.06855519002766537,0.0002,849.1349431611598,43.55503606796265
13,16263,l16,0.06817887974776429,0.0002,6862.321872626431,43.60042953491211
14,17514,l16,0.06786878846532149,0.0002,658.280688945204,43.60786437988281
15,18765,l16,0.06759816755970224,0.0002,607.669351794757,43.60786437988281
16,20016,l16,0.06742310619278015,0.0002,607.0496736411005,43.60786437988281
17,21267,l16,0.06719872515073878,0.0002,607.6634774506092,43.60786437988281
18,22518,l16,0.06707669143005908,0.0002,614.1064254138619,43.60786437988281
19,23769,l16,0.06689189663893885,0.0002,610.4901732038707,43.60786437988281
20,25020,l16,0.06678617067283674,0.0002,610.2998369382694,43.60786437988281
21,26271,l16,0.06662803302280051,0.0002,608.0771541921422,43.60786437988281
22,27522,l16,0.06655280633891325,0.0002,607.0140239214525,43.60786437988281
23,28773,l16,0.066480281351091,0.0002,607.2197440927848,43.60786437988281
24,30024,l16,0.06634126902579499,0.0002,607.308612106368,43.60786437988281
25,31275,l16,0.06627845306762403,0.0002,608.3441319400445,43.60786437988281
26,32526,l16,0.06616828119535621,0.0002,607.5365618532524,43.60786437988281
27,33777,l16,0.06612671288750249,0.0002,607.3681022776291,43.60786437988281
28,35028,l16,0.06603611763909185,0.0002,609.2169009177014,43.60786437988281
29,36279,l16,0.06599998321655176,0.0002,606.8160283286124,43.60786437988281
30,37530,l16,0.0659298305984119,0.0002,608.6712380452082,43.60786437988281
31,38781,l16,0.06584352269161234,0.0002,608.6796014755964,43.60786437988281
32,40032,l16,0.06578296932766287,0.0002,609.7670899787918,43.60786437988281
33,41283,l16,0.0657747422667335,0.0002,608.4854275397956,43.60786437988281
34,42534,l16,0.0656925570383537,0.0002,608.5013878298923,43.60786437988281
35,43785,l16,0.06565472109616993,0.0002,610.589124141261,43.60786437988281
36,45036,l16,0.0656325769462555,0.0002,607.4438222721219,43.60786437988281
37,46287,l16,0.06557524366249189,0.0002,608.9426546879113,43.60786437988281
38,47538,l16,0.0655216305471248,0.0002,606.9160970663652,43.60786437988281
39,48789,l16,0.06548369092811689,0.0002,608.966642614454,43.60786437988281
40,50040,l16,0.06544903237566196,0.0002,609.200431888923,43.60786437988281
41,51291,l16,0.06535375947289043,0.0002,610.0715591460466,43.60786437988281
42,52542,l16,0.06533737853467227,0.0002,612.226223369129,43.60786437988281
43,53793,l16,0.06532986501423861,0.0002,612.8649440379813,43.60786437988281
44,55044,l16,0.06527575181066085,0.0002,610.8369323480874,43.60786437988281
45,56295,l16,0.06522503554773369,0.0002,612.1617293339223,43.60786437988281
46,57546,l16,0.06519996405219575,0.0002,611.2385627478361,43.60786437988281
47,58797,l16,0.06519593285332671,0.0002,610.6067686229944,43.60786437988281
48,60048,l16,0.06516899517495378,0.0002,610.5754147898406,43.60786437988281
49,61299,l16,0.06513505626163132,0.0002,610.7830387270078,43.60786437988281
50,62550,l16,0.06509242069235237,0.0002,611.5403937892988,43.60786437988281
51,63801,l16,0.06507175241252311,0.0002,610.9893857995048,43.60786437988281
52,65052,l16,0.06500121558027015,0.0002,610.2124829376116,43.60786437988281
53,66303,l16,0.0650307329819738,0.0002,609.3980763265863,43.60786437988281
54,67554,l16,0.06498705454581648,0.0002,610.1354639567435,43.60786437988281
55,68805,l16,0.06493805809844312,0.0002,612.1098455181345,43.60786437988281
56,70056,l16,0.06492407392445419,0.0002,612.3213294204324,43.60786437988281
57,71307,l16,0.06490282017550023,0.0002,609.8965847175568,43.60786437988281
58,72558,l16,0.0648678444939361,0.0002,609.2413896592334,43.60786437988281
59,73809,l16,0.06486976556450152,0.0002,610.5485830307007,43.60786437988281
60,75060,l16,0.06485548865595024,0.0002,613.7047473704442,43.60786437988281
61,76311,l16,0.06480535176351107,0.0002,609.0015401085839,43.60786437988281
62,77562,l16,0.0648056383994367,0.0002,610.3685727613047,43.60786437988281
63,78813,l16,0.06479624040025792,0.0002,613.2053650384769,43.60786437988281
64,80064,l16,0.06477153482292292,0.0002,610.1183034386486,43.60786437988281
65,81315,l16,0.06472252617827613,0.0002,610.1104312241077,43.60786437988281
66,82566,l16,0.06474992125440272,0.0002,610.3214068394154,43.60786437988281
67,83817,l16,0.06468873973087155,0.0002,610.0001628650352,43.60786437988281
68,85068,l16,0.06467949419761067,0.0002,609.9782166294754,43.60786437988281
69,86319,l16,0.06464421968284748,0.0002,610.4737944155931,43.60786437988281
70,87570,l16,0.06465749031634067,0.0002,609.3274407191202,43.60786437988281
